layer,scale,misalignment_pct,mean_score
19,-5.0,6.666666666666667,59.0
19,0.0,26.666666666666668,53.666666666666664
19,5.0,26.666666666666668,44.666666666666664
