layer,scale,misalignment_pct,mean_score
19,-5.0,3.3333333333333335,67.66666666666667
19,0.0,26.666666666666668,50.166666666666664
19,5.0,66.66666666666666,24.0
