layer,scale,misalignment_pct,mean_score
19,-5.0,26.666666666666668,51.666666666666664
19,0.0,13.333333333333334,49.666666666666664
19,5.0,20.0,40.0
