layer,scale,misalignment_pct,mean_score
19,-5.0,6.666666666666667,61.0
19,0.0,20.0,59.666666666666664
19,5.0,53.333333333333336,34.333333333333336
