layer,scale,misalignment_pct,mean_score
19,-5.0,13.333333333333334,48.0
19,0.0,13.333333333333334,56.333333333333336
19,5.0,53.333333333333336,31.333333333333332
