layer,scale,misalignment_pct,mean_score
19,-5.0,13.333333333333334,54.666666666666664
19,0.0,6.666666666666667,59.0
19,5.0,6.666666666666667,51.666666666666664
