layer,scale,misalignment_pct,mean_score
19,-5.0,33.33333333333333,51.333333333333336
19,0.0,6.666666666666667,55.666666666666664
19,5.0,20.0,45.666666666666664
